{
  "book_145.txt": {
    "long_periods": [
      16384.0,
      16384.0,
      8192.0,
      8192.0,
      4096.0
    ],
    "short_periods": [
      4.022587773140192,
      4.022587773140192,
      17.429787234042553,
      17.429787234042553,
      69.42372881355932
    ]
  },
  "book_1342.txt": {
    "long_periods": [
      16384.0,
      16384.0,
      8192.0,
      8192.0,
      5461.333333333333
    ],
    "short_periods": [
      41.165829145728644,
      41.165829145728644,
      3.444187513138533,
      3.444187513138533,
      3.915869980879541
    ]
  },
  "book_76.txt": {
    "long_periods": [
      78.39234449760765,
      78.39234449760765,
      106.3896103896104,
      106.3896103896104,
      16384.0
    ],
    "short_periods": [
      82.33165829145729,
      82.33165829145729,
      2.637475853187379,
      2.637475853187379,
      5.058351343007101
    ]
  },
  "book_2701.txt": {
    "long_periods": [
      16384.0,
      16384.0,
      3276.8,
      3276.8,
      2730.6666666666665
    ],
    "short_periods": [
      35.00854700854701,
      35.00854700854701,
      81.92,
      81.92,
      606.8148148148148
    ]
  }
}