{
  "book_145.txt": {
    "orig": 4.698552121383062,
    "fft": 0.07524253157428812,
    "haar": 6.307181489301195,
    "matrices": {
      "16x16": {
        "top_eval_ratio": 0.08174950470228777,
        "entropy": 6.504344441612854
      },
      "32x32": {
        "top_eval_ratio": 0.05325238815504845,
        "entropy": 6.411114437589955
      },
      "64x64": {
        "top_eval_ratio": 0.044101362010937416,
        "entropy": 5.576386476674004
      }
    }
  },
  "book_1342.txt": {
    "orig": 4.465001582372165,
    "fft": 0.13865891430956206,
    "haar": 6.1338751947257695,
    "matrices": {
      "16x16": {
        "top_eval_ratio": 0.2481553478137076,
        "entropy": 6.224576910957242
      },
      "32x32": {
        "top_eval_ratio": 0.19808795738455454,
        "entropy": 6.068283581798029
      },
      "64x64": {
        "top_eval_ratio": 0.15723847883319506,
        "entropy": 5.621712157164971
      }
    }
  },
  "book_76.txt": {
    "orig": 4.7288129300659385,
    "fft": 0.08534742788945136,
    "haar": 6.522561676504802,
    "matrices": {
      "16x16": {
        "top_eval_ratio": 0.07963865923246592,
        "entropy": 6.699873057173982
      },
      "32x32": {
        "top_eval_ratio": 0.042949017000829315,
        "entropy": 6.5833362248261995
      },
      "64x64": {
        "top_eval_ratio": 0.02817023271982943,
        "entropy": 5.794584448715385
      }
    }
  },
  "book_2701.txt": {
    "orig": 4.826623483570119,
    "fft": 0.12338354286019636,
    "haar": 6.43492529107573,
    "matrices": {
      "16x16": {
        "top_eval_ratio": 0.11390263840266443,
        "entropy": 6.307429361862992
      },
      "32x32": {
        "top_eval_ratio": 0.06992720920317715,
        "entropy": 6.131530481873348
      },
      "64x64": {
        "top_eval_ratio": 0.052132670240125904,
        "entropy": 5.656998869081864
      }
    }
  },
  "book_219.txt": {
    "orig": 4.542042308401585,
    "fft": 0.05907944170923143,
    "haar": 6.243914029704536,
    "matrices": {
      "16x16": {
        "top_eval_ratio": 0.0820136752041118,
        "entropy": 6.461564706570572
      },
      "32x32": {
        "top_eval_ratio": 0.045001854507280045,
        "entropy": 6.75627903708739
      },
      "64x64": {
        "top_eval_ratio": 0.02661651446289325,
        "entropy": 6.471526659280066
      }
    }
  },
  "book_209.txt": {
    "orig": 4.526536108307708,
    "fft": 0.05907944170923143,
    "haar": 6.316796406330542,
    "matrices": {
      "16x16": {
        "top_eval_ratio": 0.08400369593519037,
        "entropy": 6.478609471381548
      },
      "32x32": {
        "top_eval_ratio": 0.047811958735630246,
        "entropy": 6.61299201340147
      },
      "64x64": {
        "top_eval_ratio": 0.02812804551893534,
        "entropy": 5.8168761015580905
      }
    }
  },
  "book_1184.txt": {
    "orig": 4.802884250562227,
    "fft": 0.15048883745395547,
    "haar": 6.460571598630262,
    "matrices": {
      "16x16": {
        "top_eval_ratio": 0.0997620051719719,
        "entropy": 6.593235204467558
      },
      "32x32": {
        "top_eval_ratio": 0.055906105967957,
        "entropy": 6.485465034033908
      },
      "64x64": {
        "top_eval_ratio": 0.03124786612238912,
        "entropy": 6.139736356139768
      }
    }
  },
  "book_236.txt": {
    "orig": 4.652264100433569,
    "fft": 0.11285926620608605,
    "haar": 6.242663115765881,
    "matrices": {
      "16x16": {
        "top_eval_ratio": 0.08548664201137841,
        "entropy": 6.695258378380417
      },
      "32x32": {
        "top_eval_ratio": 0.047645208151858506,
        "entropy": 6.598197779951554
      },
      "64x64": {
        "top_eval_ratio": 0.027838157487913608,
        "entropy": 6.427804954294299
      }
    }
  }
}